{"mapList": [{"id": "1431189090645024770", "pool_center_lng_lat": [[114.526839, 30.50139]], "pool_lng_lats": [[114526818, 30501557], [114526796, 30501539], [114526775, 30501539], [114526753, 30501520], [114526732, 30501520], [114526710, 30501520], [114526689, 30501539], [114526667, 30501539], [114526667, 30501520], [114526667, 30501502], [114526667, 30501483], [114526667, 30501465], [114526667, 30501446], [114526667, 30501427], [114526667, 30501409], [114526667, 30501390], [114526667, 30501372], [114526667, 30501353], [114526667, 30501335], [114526667, 30501316], [114526667, 30501298], [114526667, 30501279], [114526667, 30501261], [114526667, 30501279], [114526667, 30501298], [114526667, 30501316], [114526689, 30501335], [114526710, 30501335], [114526732, 30501316], [114526732, 30501298], [114526732, 30501279], [114526753, 30501261], [114526753, 30501242], [114526753, 30501224], [114526775, 30501205], [114526796, 30501205], [114526818, 30501187], [114526839, 30501205], [114526861, 30501205], [114526882, 30501205], [114526904, 30501205], [114526925, 30501205], [114526947, 30501224], [114526968, 30501205], [114526968, 30501224], [114526968, 30501242], [114526990, 30501261], [114527011, 30501261], [114527033, 30501279], [114527054, 30501298], [114527054, 30501316], [114527076, 30501335], [114527054, 30501335], [114527033, 30501353], [114527033, 30501372], [114527011, 30501372], [114526990, 30501372], [114526968, 30501390], [114526968, 30501409], [114526968, 30501427], [114526968, 30501446], [114526968, 30501465], [114526968, 30501483], [114526968, 30501502], [114526968, 30501520], [114526968, 30501539], [114526968, 30501557], [114526947, 30501557], [114526925, 30501557], [114526904, 30501557], [114526882, 30501557], [114526861, 30501557], [114526839, 30501557]], "pool_cnts": [[520, 506], [519, 507], [518, 507], [517, 508], [516, 508], [515, 508], [514, 507], [513, 507], [513, 508], [513, 509], [513, 510], [513, 511], [513, 512], [513, 513], [513, 514], [513, 515], [513, 516], [513, 517], [513, 518], [513, 519], [513, 520], [513, 521], [513, 522], [513, 521], [513, 520], [513, 519], [514, 518], [515, 518], [516, 519], [516, 520], [516, 521], [517, 522], [517, 523], [517, 524], [518, 525], [519, 525], [520, 526], [521, 525], [522, 525], [523, 525], [524, 525], [525, 525], [526, 524], [527, 525], [527, 524], [527, 523], [528, 522], [529, 522], [530, 521], [531, 520], [531, 519], [532, 518], [531, 518], [530, 517], [530, 516], [529, 516], [528, 516], [527, 515], [527, 514], [527, 513], [527, 512], [527, 511], [527, 510], [527, 509], [527, 508], [527, 507], [527, 506], [526, 506], [525, 506], [524, 506], [523, 506], [522, 506], [521, 506]]}, {"id": "1431189094533144577", "pool_center_lng_lat": [[114.526839, 30.501387]], "pool_lng_lats": [[114526818, 30501554], [114526796, 30501535], [114526775, 30501535], [114526753, 30501517], [114526732, 30501517], [114526710, 30501517], [114526689, 30501535], [114526667, 30501535], [114526667, 30501517], [114526667, 30501498], [114526667, 30501480], [114526667, 30501461], [114526667, 30501443], [114526667, 30501424], [114526667, 30501405], [114526667, 30501387], [114526667, 30501368], [114526667, 30501350], [114526667, 30501331], [114526667, 30501313], [114526667, 30501294], [114526667, 30501276], [114526667, 30501257], [114526667, 30501276], [114526667, 30501294], [114526667, 30501313], [114526689, 30501331], [114526710, 30501331], [114526732, 30501313], [114526732, 30501294], [114526732, 30501276], [114526753, 30501257], [114526753, 30501239], [114526753, 30501220], [114526775, 30501202], [114526796, 30501202], [114526818, 30501183], [114526839, 30501202], [114526861, 30501202], [114526882, 30501202], [114526904, 30501202], [114526925, 30501202], [114526947, 30501220], [114526968, 30501202], [114526968, 30501220], [114526968, 30501239], [114526990, 30501257], [114527011, 30501257], [114527033, 30501276], [114527054, 30501294], [114527054, 30501313], [114527076, 30501331], [114527054, 30501331], [114527033, 30501350], [114527033, 30501368], [114527011, 30501368], [114526990, 30501368], [114526968, 30501387], [114526968, 30501405], [114526968, 30501424], [114526968, 30501443], [114526968, 30501461], [114526968, 30501480], [114526968, 30501498], [114526968, 30501517], [114526968, 30501535], [114526968, 30501554], [114526947, 30501554], [114526925, 30501554], [114526904, 30501554], [114526882, 30501554], [114526861, 30501554], [114526839, 30501554]], "pool_cnts": [[520, 505], [519, 506], [518, 506], [517, 507], [516, 507], [515, 507], [514, 506], [513, 506], [513, 507], [513, 508], [513, 509], [513, 510], [513, 511], [513, 512], [513, 513], [513, 514], [513, 515], [513, 516], [513, 517], [513, 518], [513, 519], [513, 520], [513, 521], [513, 520], [513, 519], [513, 518], [514, 517], [515, 517], [516, 518], [516, 519], [516, 520], [517, 521], [517, 522], [517, 523], [518, 524], [519, 524], [520, 525], [521, 524], [522, 524], [523, 524], [524, 524], [525, 524], [526, 523], [527, 524], [527, 523], [527, 522], [528, 521], [529, 521], [530, 520], [531, 519], [531, 518], [532, 517], [531, 517], [530, 516], [530, 515], [529, 515], [528, 515], [527, 514], [527, 513], [527, 512], [527, 511], [527, 510], [527, 509], [527, 508], [527, 507], [527, 506], [527, 505], [526, 505], [525, 505], [524, 505], [523, 505], [522, 505], [521, 505]]}]}